Timestamp,Username,Instructor's Name,Position,Instructor's Office Room,Section,Classroom,Weekday of Lecture 1,Lecture 1 Time Slot,Weekday of Lecture 2,Lecture 2 Time Slot,Weekday of Counseling Session 1,Counseling Session 1 Time Slot ,Weekday of Counseling Session 2,Counseling Session 2 Time Slot 
2022/12/10 7:15:50 PM GMT+6,test1@cse.green.edu.bd,Dr. Md. Saiful Azad,Professor,A204,201 D1,A215,Monday,08:00 AM - 09:15 AM,Wednesday,08:00 AM - 09:15 AM,Friday,02:45 PM - 04:00 PM,Saturday,02:45 PM - 04:00 PM
2022/12/10 7:16:56 PM GMT+6,test2@cse.green.edu.bd,Dr. Abdur Razzaque,Professor,B406,201 D2,A512,Wednesday,02:45 PM - 04:00 PM,Tuesday,05:15 PM - 06:30 PM,Tuesday,04:00 PM - 05:15 PM,Monday,10:30 AM - 11:45 AM
2022/12/10 7:18:21 PM GMT+6,test3@cse.green.edu.bd,Dr. Muhammad Abul Hasan,Associate Professor,B305,201 D5,A411,Tuesday,01:30 PM - 02:45 PM,Tuesday,10:30 AM - 11:45 AM,Saturday,10:30 AM - 11:45 AM,Tuesday,05:15 PM - 06:30 PM
2022/12/10 7:19:26 PM GMT+6,test4@cse.green.edu.bd,Dr. Nazib Abdun Nasir,Assistant Professor,B511,201 D4,A506,Friday,09:15 AM - 10:30 AM,Thursday,09:15 AM - 10:30 AM,Tuesday,08:00 AM - 09:15 AM,Tuesday,05:15 PM - 06:30 PM
2022/12/10 7:20:52 PM GMT+6,test5@cse.green.edu.bd,Shimul Dey Katha,Lecturer,B406,201 D14,D701,Wednesday,01:30 PM - 02:45 PM,Friday,04:00 PM - 05:15 PM,Monday,10:30 AM - 11:45 AM,Monday,04:00 PM - 05:15 PM